{"cameraMode":{"drawMode":0,"name":"Shaded","section":"Shading Mode"},"sceneLighting":false,"audioPlay":false,"sceneViewState":{"m_AlwaysRefresh":false,"showFog":true,"showSkybox":false,"showFlares":true,"showImageEffects":true,"showParticleSystems":true,"showVisualEffectGraphs":true,"m_FxEnabled":true},"in2DMode":false,"pivot":{"x":0.9863307476043701,"y":6.749213218688965,"z":-1.8350417613983155},"rotation":{"x":0.04703530669212341,"y":0.04913472756743431,"z":-0.0023231387604027988,"w":0.9976918697357178},"size":3.12103271484375,"orthographic":false}