{"cameraMode":{"drawMode":0,"name":"Shaded","section":"Shading Mode"},"sceneLighting":true,"audioPlay":false,"sceneViewState":{"m_AlwaysRefresh":false,"showFog":true,"showSkybox":true,"showFlares":true,"showImageEffects":true,"showParticleSystems":true,"showVisualEffectGraphs":true,"m_FxEnabled":true},"in2DMode":false,"pivot":{"x":10.298996925354004,"y":5.376547336578369,"z":2.7710719108581545},"rotation":{"x":-0.0029418133199214937,"y":0.21842996776103974,"z":-0.0006374544464051724,"w":-0.9758839011192322},"size":1.432989239692688,"orthographic":true}