{"cameraMode":{"drawMode":0,"name":"Shaded","section":"Shading Mode"},"sceneLighting":false,"audioPlay":false,"sceneViewState":{"m_AlwaysRefresh":false,"showFog":true,"showSkybox":false,"showFlares":true,"showImageEffects":true,"showParticleSystems":true,"showVisualEffectGraphs":true,"m_FxEnabled":true},"in2DMode":false,"pivot":{"x":0.8500000238418579,"y":7.549306869506836,"z":-1.7455949783325196},"rotation":{"x":-0.0029418133199214937,"y":0.21842996776103974,"z":-0.0006374544464051724,"w":-0.9758839011192322},"size":2.007045269012451,"orthographic":true}