{"cameraMode":{"drawMode":0,"name":"Shaded","section":"Shading Mode"},"sceneLighting":false,"audioPlay":false,"sceneViewState":{"m_AlwaysRefresh":false,"showFog":true,"showSkybox":false,"showFlares":true,"showImageEffects":true,"showParticleSystems":true,"showVisualEffectGraphs":true,"m_FxEnabled":true},"in2DMode":false,"pivot":{"x":-0.6016684174537659,"y":0.012946516275405884,"z":-0.15060636401176454},"rotation":{"x":0.23043036460876466,"y":0.567784309387207,"z":-0.16950562596321107,"w":0.7718875408172607},"size":12.426695823669434,"orthographic":false}